equipmentType,maintenanceCost,equipmentDemand,desired,variable
Ketllebells,0.2,0.469175873015873,0.2,0.469175873015873
Dumbbells,15.0,0.5162377777777778,15.0,0.5162377777777778
Bench Press,3.0,0.20865735449735454,3.0,0.20865735449735454
Threadmill,10.0,0.8224,10.0,0.8224
Elliptical,20.0,0.4173736507936508,20.0,0.4173736507936508
Threadmill,27.0,0.8224,27.0,0.8224
BenchPress,50.0,0.45889851851851854,50.0,0.45889851851851854
Bar,0.5,0.2471269841269841,0.5,0.2471269841269841
