equipmentType,equipmentDemand,currentCost
Ketllebells,0.469175873015873,20.0
Dumbbells,0.5162377777777778,50.0
Bench Press,0.20865735449735454,1.5
Threadmill,0.8224,5.0
Elliptical,0.4173736507936508,30.0
Threadmill,0.8224,50.0
BenchPress,0.45889851851851854,100.0
Bar,0.2471269841269841,2.0
