equipmentType,equipmentDemand,currentCost
Ketllebells,10.199324444444445,20.0
Dumbbells,2.5858399999999997,50.0
Bench Press,2.2747466666666667,1.5
Threadmill,4.421031111111112,5.0
Elliptical,2.3844918518518523,30.0
Threadmill,4.421031111111112,50.0
BenchPress,2.419517037037038,100.0
Bar,1.2462814814814815,2.0
type,4.167333333333332,1.0
